1;581578.39;0.9996460;-0.0109579;9.00E-10;-1.95E-09;-3.30E-10;4511242.60;0.0110169;0.9995749;3.00E-11;1.61E-09;1.26E-09;Άβδηρα;40.45;1.15
2;763077.78;0.9999598;-0.0313506;2.02E-09;-3.16E-09;-1.09E-09;4126548.48;0.0313309;0.9999892;1.10E-10;-4.00E-10;5.48E-09;Αγαθονήσιον;37.15;3.15
3;190802.50;1.0000044;0.0383079;-4.34E-09;4.02E-09;-1.62E-09;4239284.01;-0.0382771;1.0000073;-1.30E-10;-7.10E-10;-8.63E-09;Αγ.Ειρήνη;38.15;-3.15
4;411462.95;0.9996459;0.0115743;-8.80E-10;1.18E-09;5.00E-10;4400321.30;-0.0115678;0.9996399;2.70E-10;9.80E-10;-3.23E-09;Αγιά;39.45;-0.45
5;673222.19;0.9997523;-0.0209967;2.19E-09;-2.90E-09;1.00E-10;4179714.24;0.0209118;0.9997518;1.02E-09;-2.60E-10;2.62E-09;Άγ.Κήρυκος;37.45;2.15
6;452995.99;0.9996179;0.0057364;-6.70E-10;1.05E-09;-5.80E-10;4178032.08;-0.0057042;0.9995993;-1.50E-10;-1.05E-09;-2.60E-10;Αγ.Μαρίνα;37.45;-0.15
7;154430.02;1.0000479;0.0451055;-4.38E-09;4.15E-09;-5.20E-10;4407601.56;-0.0451088;1.0000568;2.00E-10;-5.00E-11;-8.31E-09;Άγ.Ματθαίος;39.45;-3.45
8;407143.51;0.9997341;0.0106820;-9.90E-10;1.13E-09;-1.36E-09;4012007.25;-0.0106792;0.9997308;-1.40E-10;-1.24E-09;-2.74E-09;Αγ.Νικόλαος-Νότ.;36.15;-0.45
8;407739.43;0.9996729;0.0108029;-1.32E-09;1.11E-09;3.00E-11;4067468.46;-0.0107992;0.9996781;-7.00E-11;-8.00E-11;-2.57E-09;Αγ.Νικόλαος-Βόρ.;36.45;-0.45
9;633386.86;0.9997053;-0.0147522;7.50E-10;-1.10E-09;2.17E-09;3901598.13;0.0147539;0.9997007;-1.18E-09;8.40E-10;1.67E-09;Άγ.Νικόλαος-Κρήτης;35.15;1.45
10;712815.51;0.9998356;-0.0271599;3.16E-09;-2.22E-09;1.11E-09;4347222.47;0.0271762;0.9998004;-2.70E-10;3.20E-10;4.67E-09;Αγ.Παρασκευή;39.15;2.45
11;192937.33;0.9999933;0.0386889;-3.45E-09;3.56E-09;-1.97E-09;4294782.89;-0.0386633;0.9999962;-9.00E-11;-1.07E-09;-6.96E-09;Άγ.Πέτρος;38.45;-3.15
12;282959.49;0.9997940;0.0283062;-3.10E-09;2.77E-09;-4.50E-10;4402883.53;-0.0283143;0.9997862;5.00E-11;-2.80E-10;-5.52E-09;Αγιόφυλλον;39.45;-2.15
13;238247.86;0.9998835;0.0335501;-3.31E-09;3.19E-09;-4.00E-10;4348716.91;-0.0335556;0.9998845;0.00E+00;-2.40E-10;-6.24E-09;Άγναντα;39.15;-2.45
14;281396.41;0.9997997;0.0280371;-2.58E-09;3.11E-09;-4.60E-10;4347388.70;-0.0280371;0.9998068;2.30E-10;-5.60E-10;-5.84E-09;Άγραφα;39.15;-2.15
15;279848.93;0.9998078;0.0277117;-3.32E-09;2.59E-09;1.01E-09;4291897.77;-0.0277237;0.9998338;-1.01E-09;3.20E-10;-4.66E-09;Αγρίνιον;38.45;-2.15
16;190802.24;1.0000548;0.0382526;-3.74E-09;3.52E-09;1.70E-10;4239283.57;-0.0382625;1.0000599;3.90E-10;1.90E-10;-7.46E-09;Αθέρας;38.15;-3.15
17;453315.10;0.9996398;0.0057801;1.00E-10;4.40E-10;-2.30E-10;4233504.44;-0.0057867;0.9996432;1.50E-10;-3.00E-10;-7.60E-10;Αθήναι-Ελευσίς;38.15;-0.15
18;497040.38;0.9996289;0.0003712;-2.60E-10;3.40E-10;1.11E-09;4177897.35;-0.0003763;0.9996216;-1.50E-10;5.20E-10;-2.20E-10;Αθήναι-Κοροπίον;37.45;0.15
19;452996.01;0.9996362;0.0057472;-7.00E-11;-1.10E-10;-2.80E-10;4178032.26;-0.0057297;0.9996069;-5.00E-11;8.00E-10;-8.70E-10;Αθήναι-Πειραιεύς;37.45;-0.15
20;497146.35;0.9996218;0.0004028;-1.70E-10;2.60E-10;2.70E-10;4455299.91;-0.0003894;0.9996100;1.60E-10;1.30E-10;-2.70E-10;Άθως;40.15;0.15
21;675522.25;0.9997942;-0.0205583;2.58E-09;-2.00E-09;-1.63E-09;4068776.74;0.0205361;0.9997645;5.00E-11;9.00E-11;4.43E-09;Αιγιάλη;36.45;2.15
22;322071.49;0.9997509;0.0219907;-1.97E-09;1.74E-09;-9.40E-10;4235326.43;-0.0220079;0.9997428;7.10E-10;-5.50E-10;-4.46E-09;Αίγιον;38.15;-1.45
23;665993.22;0.9997130;-0.0224023;1.92E-09;-1.91E-09;-4.80E-10;4512651.80;0.0223990;0.9997040;2.70E-10;-4.00E-11;3.96E-09;Αίνος;40.45;2.15
24;664743.34;0.9996989;-0.0226246;2.20E-09;-2.03E-09;4.00E-11;4568156.21;0.0226223;0.9996950;-2.00E-11;-2.80E-10;4.16E-09;Αισύμη;41.15;2.15
25;540767.88;0.9990853;-0.0075251;-2.41E-09;-4.09E-08;-1.73E-08;4233517.62;0.0055838;1.0026717;3.52E-09;4.93E-08;1.79E-08;Άκρ.Παξιμάδι;38.15;0.45
26;370552.68;0.9997155;0.0175123;-1.08E-09;1.63E-09;2.04E-09;4511927.23;-0.0174755;0.9996979;-6.50E-10;5.60E-10;-1.65E-09;Αλεξάνδρεια;40.45;-1.15
27;665993.22;0.9997130;-0.0224023;1.92E-09;-1.91E-09;-4.80E-10;4512651.80;0.0223990;0.9997040;2.70E-10;-4.00E-11;3.96E-09;Αλεξανδρούπολις;40.45;2.15
28;279850.11;0.9998524;0.0276683;-3.91E-09;3.61E-09;-1.53E-09;4291896.14;-0.0276867;0.9998651;2.60E-10;-8.50E-10;-7.76E-09;Αλευράδα;38.45;-2.15
29;497061.31;0.9996101;0.0003644;5.10E-10;2.00E-10;2.40E-10;4233369.39;-0.0003656;0.9996466;-2.40E-10;-5.50E-10;-2.60E-10;Αλιβέριον;38.15;0.15
30;497101.84;0.9995705;0.0003652;-8.80E-10;-7.70E-10;-2.39E-09;4344325.14;-0.0004004;0.9995557;-2.20E-10;-1.73E-09;-1.42E-09;Αλόννησος;39.15;0.15
31;410824.53;0.9996479;0.0114383;-6.20E-10;9.50E-10;4.50E-10;4344835.32;-0.0114420;0.9996475;-6.50E-10;2.90E-10;-1.73E-09;Αλμυρός;39.15;-0.45
32;276805.78;0.9998655;0.0271118;-2.85E-09;2.73E-09;-4.80E-10;4180923.70;-0.0271094;0.9998676;2.30E-10;-1.80E-10;-5.62E-09;Αμαλιάς;37.45;-2.15
33;195095.61;0.9999789;0.0390932;-3.67E-09;3.61E-09;-6.00E-10;4350284.35;-0.0390904;0.9999804;2.10E-10;-4.80E-10;-7.37E-09;Αμμουδιά;39.15;-3.15
34;675522.25;0.9997942;-0.0205583;2.58E-09;-2.00E-09;-1.63E-09;4068776.74;0.0205361;0.9997645;5.00E-11;9.00E-11;4.43E-09;Αμοργός;36.45;2.15
35;322071.38;0.9997653;0.0220196;-1.92E-09;1.63E-09;-2.00E-10;4235326.09;-0.0219578;0.9998968;-8.70E-10;-2.76E-09;-4.92E-09;Αμυγδαλέα;38.15;-1.45
36;366746.52;0.9997048;0.0167687;-1.02E-09;2.21E-09;7.00E-10;4289963.81;-0.0167636;0.9996878;-3.70E-10;-4.00E-10;-2.90E-09;Αμφίκλεια;38.45;-1.15
37;236395.18;0.9999088;0.0331796;-3.30E-09;3.21E-09;-5.20E-10;4293221.14;-0.0331876;0.9999168;1.30E-10;0.00E+00;-6.47E-09;Αμφιλοχία;38.45;-2.45
38;366746.60;0.9996808;0.0167739;-6.10E-10;1.98E-09;-4.80E-10;4289963.70;-0.0167698;0.9996828;-9.00E-10;1.30E-10;-2.24E-09;Άμφισσα;38.45;-1.15
39;452679.92;0.9996280;0.0056605;7.00E-11;8.50E-10;4.50E-10;4122565.15;-0.0056570;0.9996206;-1.00E-11;1.60E-10;-1.55E-09;Ανατολ.Ύδρα;37.15;-0.15
40;585124.89;0.9996411;-0.0103188;1.16E-09;-9.60E-10;9.00E-11;4178339.97;0.0103221;0.9996385;7.00E-11;4.00E-11;2.11E-09;Άνδρος;37.45;1.15
41;243923.60;0.9998098;0.0346103;-3.28E-09;3.13E-09;-4.10E-10;4515225.18;-0.0345871;0.9998054;-3.70E-10;-3.30E-10;-5.93E-09;Ανταρτικόν;40.45;-2.45
42;451761.85;0.9996397;0.0054326;-2.20E-10;6.30E-10;6.00E-11;3956197.62;-0.0054298;0.9996287;-6.20E-10;-8.80E-10;-2.82E-09;Αντικύθηρα;35.45;-0.15
43;587903.12;0.9996239;-0.0096907;9.20E-10;-1.12E-09;1.60E-10;3901042.10;0.0096897;0.9996203;0.00E+00;-1.50E-10;1.95E-09;Αντισκάριον;35.15;1.15
44;633386.33;0.9997178;-0.0148060;9.60E-10;-1.75E-09;1.68E-09;3901598.47;0.0147836;0.9997164;-9.30E-10;8.60E-10;2.63E-09;Άνω-Βιάννος;35.15;1.45
45;587903.08;0.9996394;-0.0096683;1.10E-10;-7.70E-10;1.28E-09;3901042.00;0.0096726;0.9996644;-2.00E-11;-1.00E-11;9.90E-10;Ανώγεια;35.15;1.15
46;365822.16;0.9996358;0.0165630;2.80E-10;1.85E-09;2.40E-10;4234483.24;-0.0166185;0.9996973;7.20E-10;1.40E-10;-2.47E-09;Αράχωβα;38.15;-1.15
47;410824.95;0.9996282;0.0114542;5.20E-10;1.13E-09;9.60E-10;4344835.24;-0.0114073;0.9996532;-1.08E-09;7.80E-10;-2.20E-10;Αργαλαστή;39.15;-0.45
48;364905.91;0.9997295;0.0163542;-1.95E-09;3.60E-10;1.00E-10;4179006.55;-0.0163949;0.9996791;-3.00E-10;-1.36E-09;-3.06E-09;Άργος;37.45;-1.15
49;284539.37;0.9997625;0.0285910;-2.50E-09;2.71E-09;-2.50E-10;4458382.02;-0.0286009;0.9997829;4.70E-10;-2.80E-10;-5.43E-09;Άργος-Ορεστικόν;40.15;-2.15
50;190802.24;1.0000548;0.0382526;-3.74E-09;3.52E-09;1.70E-10;4239283.57;-0.0382625;1.0000599;3.90E-10;1.90E-10;-7.46E-09;Αργοστόλιον;38.15;-3.15
51;363106.91;0.9997337;0.0160302;-2.70E-09;1.92E-09;-7.30E-10;4068067.38;-0.0160286;0.9997373;2.30E-10;-3.40E-10;-4.17E-09;Αρεόπολις;36.45;-1.15
52;454626.92;0.9996202;0.0060327;-2.50E-10;4.40E-10;-3.00E-11;4455436.50;-0.0060317;0.9996166;6.00E-11;1.00E-10;-8.90E-10;Αρναία;40.15;-0.15
53;328344.58;0.9996969;0.0231864;-2.00E-09;2.00E-09;-3.50E-10;4512785.39;-0.0231862;0.9996920;1.20E-10;-2.40E-10;-4.20E-09;Άρνισσα;40.45;-1.45
54;238247.86;0.9998835;0.0335501;-3.31E-09;3.19E-09;-4.00E-10;4348716.91;-0.0335556;0.9998845;0.00E+00;-2.40E-10;-6.24E-09;Άρτα;39.15;-2.45
55;856398.54;1.0003470;-0.0409876;4.45E-09;-4.28E-09;-1.43E-09;4018803.45;0.0409873;1.0003529;5.10E-10;-3.70E-10;8.70E-09;Αρχάγγελος;36.15;4.15
56;236395.18;0.9999088;0.0331796;-3.30E-09;3.21E-09;-5.20E-10;4293221.14;-0.0331876;0.9999168;1.30E-10;0.00E+00;-6.47E-09;Αστακός;38.45;-2.45
57;364001.39;0.9997239;0.0162086;-1.95E-09;1.72E-09;-1.20E-10;4123535.02;-0.0162181;0.9997184;6.00E-11;-1.90E-10;-3.50E-09;Άστρος;37.15;-1.15
58;720162.69;0.9998441;-0.0257307;3.09E-09;-2.18E-09;-1.51E-09;4069798.96;0.0257285;0.9998960;1.50E-10;8.10E-10;4.67E-09;Αστυπάλαια;36.45;2.45
59;587913.00;0.9996036;-0.0091039;4.73E-09;7.83E-09;1.45E-09;3901034.50;0.0097679;0.9991670;1.31E-09;-6.59E-09;5.65E-09;Αχεντριάς;35.15;1.15
60;455303.29;0.9996127;0.0061435;-6.90E-10;1.10E-09;5.50E-10;4566431.19;-0.0061520;0.9996201;-1.10E-10;3.40E-10;-1.52E-09;Αχλαδοχώριον;41.15;-0.15
61;409569.23;0.9996647;0.0111731;-1.38E-09;1.26E-09;-2.00E-11;4233875.43;-0.0111649;0.9996583;9.00E-11;1.50E-10;-2.75E-09;Βάγια;38.15;-0.45
62;232749.25;1.0000795;0.0323747;-6.06E-09;6.37E-09;-3.00E-11;4182235.55;-0.0324976;1.0001254;2.84E-09;-1.83E-09;-1.21E-08;Βαρθολομιόν;37.45;-2.45
63;412106.94;0.9996474;0.0116691;-9.20E-10;1.08E-09;-5.00E-10;4455812.81;-0.0116719;0.9996520;3.00E-10;-3.70E-10;-2.15E-09;Βασιλικά;40.15;-0.45
64;199481.22;0.9999334;0.0399113;-3.51E-09;3.47E-09;-1.10E-10;4461296.81;-0.0399157;0.9999094;1.20E-10;-6.80E-10;-7.28E-09;Βασιλικόν;40.15;-3.15
65;496938.36;0.9996032;0.0003666;1.30E-10;2.40E-10;-8.50E-10;3900618.84;-0.0003713;0.9995887;5.90E-10;-9.00E-11;9.00E-11;Βατόλακκος;35.15;0.15
66;327063.85;0.9997106;0.0229562;-2.16E-09;2.05E-09;-8.00E-11;4457285.55;-0.0229499;0.9997092;3.40E-10;9.00E-11;-4.22E-09;Βελβεντός;40.15;-1.45
67;367684.08;0.9996790;0.0169527;-1.71E-09;1.69E-09;-1.70E-10;4345447.64;-0.0169511;0.9996848;3.40E-10;-2.80E-10;-3.35E-09;Βελεστίνον;39.15;-1.15
68;328344.58;0.9996969;0.0231864;-2.00E-09;2.00E-09;-3.50E-10;4512785.39;-0.0231862;0.9996920;1.20E-10;-2.40E-10;-4.20E-09;Βέροια;40.45;-1.45
69;286135.29;0.9997525;0.0288945;-2.58E-09;2.63E-09;-5.00E-11;4513884.80;-0.0288922;0.9997499;2.70E-10;-2.00E-10;-5.14E-09;Βεύη;40.45;-2.15
70;329638.18;0.9996651;0.0234008;-1.46E-09;1.48E-09;-6.30E-10;4568288.43;-0.0234243;0.9996350;9.50E-10;-1.37E-09;-4.12E-09;Βιτολίστε;41.15;-1.45
71;188691.70;1.0000492;0.0377897;-3.16E-09;4.05E-09;1.18E-09;4183787.61;-0.0378103;1.0000914;-2.50E-10;-5.30E-10;-7.62E-09;Βολίμαι;37.45;-3.15
72;670867.36;0.9997462;-0.0214286;1.91E-09;-1.94E-09;3.40E-10;4290676.65;0.0214176;0.9997583;-5.00E-11;3.80E-10;3.68E-09;Βολισσός;38.45;2.15
73;410824.53;0.9996479;0.0114383;-6.20E-10;9.50E-10;4.50E-10;4344835.32;-0.0114420;0.9996475;-6.50E-10;2.90E-10;-1.73E-09;Βόλος;39.15;-0.45
74;236395.18;0.9999088;0.0331796;-3.30E-09;3.21E-09;-5.20E-10;4293221.14;-0.0331876;0.9999168;1.30E-10;0.00E+00;-6.47E-09;Βόνιτσα;38.45;-2.45
75;496938.36;0.9996032;0.0003666;1.30E-10;2.40E-10;-8.50E-10;3900618.84;-0.0003713;0.9995887;5.90E-10;-9.00E-11;9.00E-11;Βρύσαι;35.15;0.15
76;664743.34;0.9996989;-0.0226246;2.20E-09;-2.03E-09;4.00E-11;4568156.21;0.0226223;0.9996950;-2.00E-11;-2.80E-10;4.16E-09;Βυρσίνη;41.15;2.15
77;540767.88;0.9990853;-0.0075251;-2.41E-09;-4.09E-08;-1.73E-08;4233517.62;0.0055838;1.0026717;3.52E-09;4.93E-08;1.79E-08;Γαύριον-Βόρ.;38.15;0.45
77;585124.89;0.9996411;-0.0103188;1.16E-09;-9.60E-10;9.00E-11;4178339.97;0.0103221;0.9996385;7.00E-11;4.00E-11;2.11E-09;Γαύριον-Ανατολ.;37.45;1.15
78;856398.54;1.0003470;-0.0409876;4.45E-09;-4.28E-09;-1.43E-09;4018803.45;0.0409873;1.0003529;5.10E-10;-3.70E-10;8.70E-09;Γεννάδιον;36.15;4.15
79;363106.91;0.9997337;0.0160302;-2.70E-09;1.92E-09;-7.30E-10;4068067.38;-0.0160286;0.9997373;2.30E-10;-3.40E-10;-4.17E-09;Γερολιμήν;36.45;-1.15
80;370551.88;0.9996670;0.0174749;-2.54E-09;2.00E-09;-1.19E-09;4511926.58;-0.0174424;0.9996652;1.28E-09;4.00E-11;-4.26E-09;Γιαννιτσά;40.45;-1.15
81;364001.39;0.9997239;0.0162086;-1.95E-09;1.72E-09;-1.20E-10;4123535.02;-0.0162181;0.9997184;6.00E-11;-1.90E-10;-3.50E-09;Γκοριτσά;37.15;-1.15
82;368630.23;0.9996727;0.0171317;-1.43E-09;1.32E-09;-1.00E-11;4400936.37;-0.0171354;0.9996806;2.30E-10;-3.20E-10;-3.10E-09;Γόννοι;39.45;-1.15
83;276805.78;0.9998655;0.0271118;-2.85E-09;2.73E-09;-4.80E-10;4180923.70;-0.0271094;0.9998676;2.30E-10;-1.80E-10;-5.62E-09;Γούμερον;37.45;-2.15
84;242011.95;0.9998371;0.0342580;-3.26E-09;3.00E-09;-5.30E-10;4459719.05;-0.0342616;0.9998322;1.00E-10;-1.70E-10;-6.13E-09;Γράμος;40.15;-2.45
85;284538.99;0.9997706;0.0285791;-2.89E-09;2.33E-09;6.00E-11;4458382.39;-0.0286019;0.9997867;6.40E-10;2.90E-10;-5.56E-09;Γρεβενά;40.15;-2.15
86;363106.83;0.9997371;0.0209876;-1.82E-09;1.68E-09;-3.90E-10;4068066.63;-0.0160339;0.9997328;1.40E-10;-1.00E-11;-2.96E-09;Γύθειον;36.45;-1.15
87;320857.52;0.9997806;0.0217461;-2.19E-09;2.32E-09;-4.60E-10;4179847.36;-0.0217525;0.9997788;6.00E-11;-4.10E-10;-4.54E-09;Δάφνη;37.45;-1.45
88;197276.84;0.9999511;0.0395039;-3.63E-09;3.73E-09;-3.10E-10;4405788.91;-0.0395010;0.9999532;2.00E-10;-2.20E-10;-7.24E-09;Δελβινάκιον;39.45;-3.15
89;365821.41;0.9997280;0.0166074;-1.49E-09;2.09E-09;1.00E-09;4234482.96;-0.0165573;0.9997059;1.00E-11;-2.70E-10;-2.45E-09;Δερβένιον;38.15;-1.15
90;325796.38;0.9996989;0.0226771;-2.56E-09;3.39E-09;3.90E-10;4401790.18;-0.0227047;0.9997400;2.00E-10;-9.00E-10;-5.14E-09;Δεσκάτη;39.45;-1.45
91;586257.34;0.9996395;-0.0100876;9.50E-10;-7.30E-10;-4.70E-10;4067409.60;0.0100913;0.9996493;-5.90E-10;-1.40E-10;2.29E-09;Δεσποτικόν;36.45;1.15
92;320857.52;0.9997806;0.0217461;-2.19E-09;2.32E-09;-4.60E-10;4179847.36;-0.0217525;0.9997788;6.00E-11;-4.10E-10;-4.54E-09;Δημητσάνα;37.45;-1.45
93;706634.88;0.9997463;-0.0283854;2.35E-09;-2.48E-09;-2.60E-10;4569224.89;0.0283881;0.9997460;1.60E-10;2.00E-11;5.02E-09;Διδυμότειχον;41.15;2.45
94;197276.84;0.9999511;0.0395039;-3.63E-09;3.73E-09;-3.10E-10;4405788.91;-0.0395010;0.9999532;2.00E-10;-2.20E-10;-7.24E-09;Δολιανά;39.45;-3.15
95;367683.96;0.9996854;0.0169372;-9.10E-10;1.41E-09;-1.04E-09;4345448.14;-0.0169219;0.9997116;8.70E-10;-1.00E-10;-1.84E-09;Δομοκός;39.15;-1.15
96;497190.17;0.9996089;0.0004000;2.00E-11;1.10E-10;-8.00E-11;4566293.81;-0.0004027;0.9996091;1.50E-10;1.60E-10;-1.80E-10;Δράμα;41.15;0.15
97;630888.28;0.9996968;-0.0153116;1.63E-09;-1.56E-09;-3.00E-11;4067976.46;0.0153141;0.9996877;6.00E-11;2.50E-10;3.13E-09;Δυτικ.Ηράκλεια;36.45;1.45
98;328344.58;0.9996969;0.0231864;-2.00E-09;2.00E-09;-3.50E-10;4512785.39;-0.0231862;0.9996920;1.20E-10;-2.40E-10;-4.20E-09;Έδεσσα;40.45;-1.45
99;325796.29;0.9997039;0.0227110;-1.50E-09;1.96E-09;2.60E-10;4401790.36;-0.0227135;0.9997116;-7.40E-10;-2.00E-10;-3.14E-09;Ελασσών;39.45;-1.45
100;410192.92;0.9996655;0.0112982;-1.47E-09;1.17E-09;-1.00E-11;4289353.75;-0.0113001;0.9996726;2.70E-10;2.90E-10;-2.15E-09;Ελάτεια;38.45;-0.45
101;856398.54;1.0003470;-0.0409876;4.45E-09;-4.28E-09;-1.43E-09;4018803.45;0.0409873;1.0003529;5.10E-10;-3.70E-10;8.70E-09;Έμπωνας;36.15;4.15
102;587903.13;0.9996119;-0.0096913;2.30E-09;-1.29E-09;-7.90E-10;3901042.23;0.0097180;0.9996302;-4.20E-10;-1.20E-10;2.67E-09;Επάνω-Αρχάναι;35.15;1.15
103;412106.94;0.9996474;0.0116691;-9.20E-10;1.08E-09;-5.00E-10;4455812.81;-0.0116719;0.9996520;3.00E-10;-3.70E-10;-2.15E-09;Επανομή;40.15;-0.45
104;669670.67;0.9997204;-0.0216595;2.01E-09;-2.39E-09;-2.00E-11;4346168.76;0.0216577;0.9997199;1.00E-10;-1.40E-10;4.30E-09;Ερεσός;39.15;2.15
105;585694.53;0.9996293;-0.0102099;1.24E-09;-1.23E-09;-1.00E-10;4122872.55;0.0101990;0.9996365;-2.20E-10;0.00E+00;2.05E-09;Ερμούπολις;37.15;1.15
106;453315.02;0.9996023;0.0057615;-2.01E-09;2.70E-10;-6.00E-11;4233504.49;-0.0058290;0.9996627;-1.10E-09;5.10E-10;-2.36E-09;Ερυθραί;38.15;-0.15
107;371527.43;0.9996506;0.0176662;-9.90E-10;1.76E-09;-3.00E-11;4567428.49;-0.0176464;0.9996384;0.00E+00;-4.70E-10;-2.79E-09;Εύζωνοι;41.15;-1.15
108;278318.47;0.9998303;0.0274037;-1.81E-09;2.56E-09;1.10E-10;4236408.18;-0.0274162;0.9998543;6.00E-10;1.00E-11;-5.03E-09;Ευηνοχώριον;38.15;-2.15
109;367684.08;0.9996790;0.0169527;-1.71E-09;1.69E-09;-1.70E-10;4345447.64;-0.0169511;0.9996848;3.40E-10;-2.80E-10;-3.35E-09;Ευξεινούπολις;39.15;-1.15
110;234562.88;0.9999311;0.0328613;-2.95E-09;3.04E-09;-1.37E-09;4237728.47;-0.0328570;0.9999141;3.70E-10;1.60E-10;-5.81E-09;Εχινάδες;38.15;-2.45
111;580964.99;0.9996376;-0.0111061;9.80E-10;-8.10E-10;-6.00E-11;4566742.66;0.0111010;0.9996320;-1.20E-10;-2.00E-11;1.89E-09;Εχίνος;41.15;1.15
112;454963.16;0.9995952;0.0060915;-1.09E-09;9.00E-10;-6.30E-10;4510931.52;-0.0060980;0.9996184;1.90E-10;-3.30E-10;-1.53E-09;Ζαγκλιβέριον;40.45;-0.15
113;410824.42;0.9996643;0.0114359;-2.08E-09;8.70E-10;-3.20E-10;4344835.57;-0.0114467;0.9996184;6.30E-10;6.30E-10;-2.13E-09;Ζαγορά;39.15;-0.45
114;232751.70;0.9999545;0.0324714;-3.43E-09;3.33E-09;-4.10E-10;4182239.13;-0.0324714;0.9999518;1.50E-10;-1.80E-10;-6.94E-09;Ζάκυνθος;37.45;-2.45
115;587903.13;0.9996119;-0.0096913;2.30E-09;-1.29E-09;-7.90E-10;3901042.23;0.0097180;0.9996302;-4.20E-10;-1.20E-10;2.67E-09;Ηράκλειον;35.15;1.15
116;412758.03;0.9996334;0.0117896;-1.06E-09;1.05E-09;-2.00E-11;4511308.92;-0.0117829;0.9996386;1.40E-10;-1.40E-10;-2.04E-09;Θέρμη;40.45;-0.45
117;279848.21;0.9997972;0.0276783;-7.40E-10;1.96E-09;2.90E-09;4291896.68;-0.0276454;0.9998328;-2.20E-09;1.51E-09;-3.49E-09;Θέρμον;38.45;-2.15
118;412758.03;0.9996334;0.0117896;-1.06E-09;1.05E-09;-2.00E-11;4511308.92;-0.0117829;0.9996386;1.40E-10;-1.40E-10;-2.04E-09;Θεσσαλονίκη;40.45;-0.45
119;453315.10;0.9996398;0.0057801;1.00E-10;4.40E-10;-2.30E-10;4233504.44;-0.0057867;0.9996432;1.50E-10;-3.00E-10;-7.60E-10;Θήβαι;38.15;-0.15
120;580964.99;0.9996376;-0.0111061;9.80E-10;-8.10E-10;-6.00E-11;4566742.66;0.0111010;0.9996320;-1.20E-10;-2.00E-11;1.89E-09;Ίασμος;41.15;1.15
121;633386.86;0.9997053;-0.0147522;7.50E-10;-1.10E-09;2.17E-09;3901598.13;0.0147539;0.9997007;-1.18E-09;8.40E-10;1.67E-09;Ιεράπετρα;35.15;1.45
122;497146.35;0.9996218;0.0004028;-1.70E-10;2.60E-10;2.70E-10;4455299.91;-0.0003894;0.9996100;1.60E-10;1.30E-10;-2.70E-10;Ιερισσός;40.15;0.15
123;190802.24;1.0000548;0.0382526;-3.74E-09;3.52E-09;1.70E-10;4239283.57;-0.0382625;1.0000599;3.90E-10;1.90E-10;-7.46E-09;Ιθάκη;38.15;-3.15
124;630888.28;0.9996968;-0.0153116;1.63E-09;-1.56E-09;-3.00E-11;4067976.46;0.0153141;0.9996877;6.00E-11;2.50E-10;3.13E-09;Ίος;36.45;1.45
125;410194.52;0.9996332;0.0112338;-8.60E-10;2.67E-09;7.00E-11;4289353.04;-0.0112851;0.9996386;-7.70E-10;-1.70E-10;-1.35E-09;Ιστιαία;38.45;-0.45
126;365821.54;0.9997155;0.0165960;-2.33E-09;1.38E-09;-6.40E-10;4234482.93;-0.0165938;0.9997120;-6.30E-10;-5.00E-11;-4.01E-09;Ιτέα;38.15;-1.15
127;240119.93;0.9998629;0.0339001;-3.40E-09;3.18E-09;-4.90E-10;4404216.29;-0.0339085;0.9998642;3.50E-10;-2.50E-10;-6.58E-09;Ιωάννινα;39.45;-2.45
128;539373.17;0.9996180;-0.0052977;3.90E-10;-4.40E-10;2.90E-10;4510897.89;0.0052888;0.9996134;2.20E-10;4.60E-10;1.39E-09;Καβάλα;40.45;0.45
129;319657.50;0.9997985;0.0215042;-2.09E-09;2.26E-09;-4.60E-10;4124371.61;-0.0215025;0.9997914;2.00E-10;-2.40E-10;-4.38E-09;Καλαμάτα;37.15;-1.45
130;236395.55;0.9998981;0.0331868;-4.86E-09;3.06E-09;-3.00E-11;4293220.55;-0.0332230;0.9998956;1.17E-09;-3.70E-10;-8.87E-09;Κάλαμος;38.45;-2.45
131;497146.35;0.9996218;0.0004028;-1.70E-10;2.60E-10;2.70E-10;4455299.91;-0.0003894;0.9996100;1.60E-10;1.30E-10;-2.70E-10;Καλαμίτσιον;40.15;0.15
132;282959.49;0.9997940;0.0283062;-3.10E-09;2.77E-09;-4.50E-10;4402883.53;-0.0283143;0.9997862;5.00E-11;-2.80E-10;-5.52E-09;Καλαμπάκα;39.45;-2.15
133;454626.92;0.9996202;0.0060327;-2.50E-10;4.40E-10;-3.00E-11;4455436.50;-0.0060317;0.9996166;6.00E-11;1.00E-10;-8.90E-10;Καλάνδρα;40.15;-0.15
134;764806.23;1.0000216;-0.0309756;2.80E-09;-3.12E-09;-1.40E-10;4071065.87;0.0309675;1.0000044;6.00E-11;-2.80E-10;6.84E-09;Κάλυμνος;36.45;3.15
135;195095.61;0.9999789;0.0390932;-3.67E-09;3.61E-09;-6.00E-10;4350284.35;-0.0390904;0.9999804;2.10E-10;-4.80E-10;-7.37E-09;Καναλλάκιον;39.15;-3.15
136;364905.80;0.9997169;0.0163973;-1.53E-09;1.99E-09;-3.70E-10;4179006.59;-0.0164035;0.9997233;2.30E-10;-3.60E-10;-3.35E-09;Κανδήλα;37.45;-1.15
137;409569.69;0.9996032;0.0111691;8.00E-11;-2.90E-10;-1.01E-09;4233875.04;-0.0111433;0.9995753;-2.80E-10;-7.00E-10;2.02E-09;Καπαρέλλιον;38.15;-0.45
138;318470.97;0.9998217;0.0212606;-1.66E-09;2.22E-09;-4.50E-10;4068899.93;-0.0212553;0.9998139;3.00E-10;-4.30E-10;-4.31E-09;Καρδαμύλη;36.45;-1.45
139;622853.46;0.9996736;-0.0168639;1.77E-09;-1.35E-09;2.90E-10;4567328.83;0.0168717;0.9996625;-1.10E-10;-6.00E-11;3.19E-09;Κάρδαμος;41.15;1.45
140;324541.65;0.9997474;0.0224766;-2.03E-09;1.20E-09;-1.77E-09;4346298.09;-0.0225156;0.9997730;5.70E-10;-3.30E-10;-2.15E-09;Καρδίτσα;39.15;-1.45
141;411462.95;0.9996459;0.0115743;-8.80E-10;1.18E-09;5.00E-10;4400321.30;-0.0115678;0.9996399;2.70E-10;9.80E-10;-3.23E-09;Καρίτσα;39.45;-0.45
142;673222.19;0.9997523;-0.0209967;2.19E-09;-2.90E-09;1.00E-10;4179714.24;0.0209118;0.9997518;1.02E-09;-2.60E-10;2.62E-09;Καρκινάγριον;37.45;2.15
143;154430.02;1.0000479;0.0451055;-4.38E-09;4.15E-09;-5.20E-10;4407601.56;-0.0451088;1.0000568;2.00E-10;-5.00E-11;-8.31E-09;Καρουσάδες;39.45;-3.45
144;768203.68;0.9999828;-0.0302224;5.11E-09;-3.53E-09;-1.21E-09;3960111.66;0.0302334;1.0000149;7.00E-11;-7.90E-10;7.81E-09;Κάρπαθος;35.45;3.15
145;323299.20;0.9997464;0.0222371;-2.96E-09;1.99E-09;-4.80E-10;4290811.42;-0.0222404;0.9997713;2.10E-10;4.20E-10;-4.37E-09;Καρπενήσιον;38.45;-1.45
146;497146.35;0.9996218;0.0004028;-1.70E-10;2.60E-10;2.70E-10;4455299.91;-0.0003894;0.9996100;1.60E-10;1.30E-10;-2.70E-10;Καρυαί;40.15;0.15
147;540805.90;0.9996381;-0.0050086;5.30E-10;7.00E-11;7.00E-11;4233471.85;0.0050258;0.9996628;-7.00E-11;6.70E-10;8.90E-10;Κάρυστος;38.15;0.45
148;454626.92;0.9996202;0.0060327;-2.50E-10;4.40E-10;-3.00E-11;4455436.50;-0.0060317;0.9996166;6.00E-11;1.00E-10;-8.90E-10;Κασσάνδρεια;40.15;-0.15
149;282959.49;0.9997940;0.0283062;-3.10E-09;2.77E-09;-4.50E-10;4402883.53;-0.0283143;0.9997862;5.00E-11;-2.80E-10;-5.52E-09;Καστανέα;39.45;-2.15
150;413415.77;0.9996366;0.0119018;-1.45E-09;8.50E-10;2.30E-10;4566809.57;-0.0119003;0.9996310;-1.80E-10;-4.20E-10;-1.93E-09;Καστανούσσα;41.15;-0.45
151;451456.89;0.9996228;0.0054260;-9.40E-10;7.00E-10;4.00E-11;3900750.66;-0.0054257;0.9996142;-7.00E-11;5.00E-11;-1.39E-09;Καστέλλιον;35.15;-0.15
152;286135.29;0.9997525;0.0288945;-2.58E-09;2.63E-09;-5.00E-11;4513884.80;-0.0288922;0.9997499;2.70E-10;-2.00E-10;-5.14E-09;Καστοριά;40.45;-2.15
153;369585.94;0.9996775;0.0173122;-1.04E-09;1.81E-09;-3.60E-10;4456429.27;-0.0173071;0.9996669;1.00E-10;2.30E-10;-3.03E-09;Κατερίνη;40.15;-1.15
154;497190.17;0.9996089;0.0004000;2.00E-11;1.10E-10;-8.00E-11;4566293.81;-0.0004027;0.9996091;1.50E-10;1.60E-10;-1.80E-10;Κάτω-Νευροκόπιον;41.15;0.15
155;678873.31;0.9997753;-0.0197930;2.40E-09;-2.18E-09;2.10E-10;3902383.78;0.0197793;0.9997773;1.60E-10;2.70E-10;4.62E-09;Κάτω-Χωρίον;35.15;2.15
156;319657.50;0.9997985;0.0215042;-2.09E-09;2.26E-09;-4.60E-10;4124371.61;-0.0215025;0.9997914;2.00E-10;-2.40E-10;-4.38E-09;Κάτω-Φιγαλεία;37.15;-1.45
157;413415.77;0.9996366;0.0119018;-1.45E-09;8.50E-10;2.30E-10;4566809.57;-0.0119003;0.9996310;-1.80E-10;-4.20E-10;-1.93E-09;Κερκίνη;41.15;-0.45
158;154430.02;1.0000479;0.0451055;-4.38E-09;4.15E-09;-5.20E-10;4407601.56;-0.0451088;1.0000568;2.00E-10;-5.00E-11;-8.31E-09;Κέρκυρα;39.45;-3.45
159;320857.52;0.9997806;0.0217461;-2.19E-09;2.32E-09;-4.60E-10;4179847.36;-0.0217525;0.9997788;6.00E-11;-4.10E-10;-4.54E-09;Κέρτεζη;37.45;-1.45
160;764806.23;1.0000216;-0.0309756;2.80E-09;-3.12E-09;-1.40E-10;4071065.87;0.0309675;1.0000044;6.00E-11;-2.80E-10;6.84E-09;Κέφαλος;36.45;3.15
161;497060.57;0.9996361;0.0003088;6.60E-10;-1.05E-09;-1.79E-09;4233371.15;-0.0003023;0.9996415;1.25E-09;-8.00E-10;2.43E-09;Κηφισιά;38.15;0.15
162;412758.03;0.9996334;0.0117896;-1.06E-09;1.05E-09;-2.00E-11;4511308.92;-0.0117829;0.9996386;1.40E-10;-1.40E-10;-2.04E-09;Κιλκίς;40.45;-0.45
163;541628.29;0.9996078;-0.0048699;6.40E-10;-6.50E-10;2.90E-10;4067075.64;0.0048678;0.9996096;4.00E-11;1.90E-10;1.02E-09;Κίμωλος;36.45;0.45
164;323299.20;0.9997464;0.0222371;-2.96E-09;1.99E-09;-4.80E-10;4290811.42;-0.0222404;0.9997713;2.10E-10;4.20E-10;-4.37E-09;Κλεπά;38.45;-1.45
165;197276.84;0.9999511;0.0395039;-3.63E-09;3.73E-09;-3.10E-10;4405788.91;-0.0395010;0.9999532;2.00E-10;-2.20E-10;-7.24E-09;Κληματιά;39.45;-3.15
166;284538.88;0.9997838;0.0285712;-2.78E-09;2.41E-09;4.40E-10;4458382.53;-0.0286207;0.9997869;1.40E-10;1.40E-10;-5.46E-09;Κνίδη;40.15;-2.15
167;327063.85;0.9997106;0.0229562;-2.16E-09;2.05E-09;-8.00E-11;4457285.55;-0.0229499;0.9997092;3.40E-10;9.00E-11;-4.22E-09;Κοζάνη;40.15;-1.45
168;369585.94;0.9996775;0.0173122;-1.04E-09;1.81E-09;-3.60E-10;4456429.27;-0.0173071;0.9996669;1.00E-10;2.30E-10;-3.03E-09;Κολινδρός;40.15;-1.15
169;364001.39;0.9997239;0.0162086;-1.95E-09;1.72E-09;-1.20E-10;4123535.02;-0.0162181;0.9997184;6.00E-11;-1.90E-10;-3.50E-09;Κολλίναι;37.15;-1.15
170;622853.46;0.9996736;-0.0168639;1.77E-09;-1.35E-09;2.90E-10;4567328.83;0.0168717;0.9996625;-1.10E-10;-6.00E-11;3.19E-09;Κομοτηνή;41.15;1.45
171;242011.95;0.9998371;0.0342580;-3.26E-09;3.00E-09;-5.30E-10;4459719.05;-0.0342616;0.9998322;1.00E-10;-1.70E-10;-6.13E-09;Κόνιτσα;40.15;-2.45
172;369585.94;0.9996775;0.0173122;-1.04E-09;1.81E-09;-3.60E-10;4456429.27;-0.0173071;0.9996669;1.00E-10;2.30E-10;-3.03E-09;Κονταριώτισσα;40.15;-1.15
173;408952.17;0.9996667;0.0110237;-1.70E-09;1.64E-09;-5.20E-10;4178401.68;-0.0110429;0.9996790;1.50E-10;-7.50E-10;-2.79E-09;Κόρινθος;37.45;-0.45
174;243923.60;0.9998098;0.0346103;-3.28E-09;3.13E-09;-4.10E-10;4515225.18;-0.0345871;0.9998054;-3.70E-10;-3.30E-10;-5.93E-09;Κορυτσά;40.45;-2.45
175;318470.97;0.9998217;0.0212606;-1.66E-09;2.22E-09;-4.50E-10;4068899.93;-0.0212553;0.9998139;3.00E-10;-4.30E-10;-4.31E-09;Κορώνη;36.45;-1.45
176;370551.84;0.9996684;0.0174819;-1.65E-09;1.77E-09;-4.30E-10;4511926.59;-0.0174752;0.9996749;6.10E-10;-3.60E-10;-3.91E-09;Κουφάλια;40.45;-1.15
177;539077.27;0.9996394;-0.0053702;2.10E-10;-7.60E-10;5.70E-10;4566397.91;0.0053610;0.9996014;-6.90E-10;-8.00E-10;9.50E-10;Κρηνίδες;41.15;0.45
178;407143.51;0.9997341;0.0106820;-9.90E-10;1.13E-09;-1.36E-09;4012007.25;-0.0106792;0.9997308;-1.40E-10;-1.24E-09;-2.74E-09;Κύθηρα;36.15;-0.45
179;497082.12;0.9996506;0.0003829;-1.40E-10;-5.00E-11;3.00E-10;4288846.54;-0.0003812;0.9996581;1.00E-11;3.10E-10;9.00E-11;Κύμη;38.45;0.15
180;275310.52;0.9998582;0.0268044;-1.92E-09;2.85E-09;-3.80E-10;4125442.66;-0.0268048;0.9998843;5.00E-10;-1.00E-11;-5.34E-09;Κυπαρισσία;37.15;-2.15
181;497102.18;0.9996189;0.0003919;-7.00E-11;2.23E-09;-6.51E-09;4344325.72;-0.0003876;0.9995613;4.90E-10;-7.40E-10;7.30E-10;Κυρά-Παναγιά;39.15;0.15
182;764806.23;1.0000216;-0.0309756;2.80E-09;-3.12E-09;-1.40E-10;4071065.87;0.0309675;1.0000044;6.00E-11;-2.80E-10;6.84E-09;Κώς;36.45;3.15
183;366746.37;0.9996501;0.0168119;-1.59E-09;5.40E-10;2.79E-09;4289963.64;-0.0167124;0.9996894;2.95E-09;9.80E-10;-5.22E-09;Λαμία;38.45;-1.15
184;368630.23;0.9996727;0.0171317;-1.43E-09;1.32E-09;-1.00E-11;4400936.37;-0.0171354;0.9996806;2.30E-10;-3.20E-10;-3.10E-09;Λάρισα;39.45;-1.15
185;453637.60;0.9996193;0.0058377;-6.50E-10;5.90E-10;-1.00E-11;4288980.93;-0.0058421;0.9996147;2.40E-10;-5.10E-10;-1.53E-09;Λάρυμνα;38.45;-0.15
186;497040.38;0.9996289;0.0003712;-2.60E-10;3.40E-10;1.11E-09;4177897.35;-0.0003763;0.9996216;-1.50E-10;5.20E-10;-2.20E-10;Λαύριον;37.45;0.15
187;412758.03;0.9996334;0.0117896;-1.06E-09;1.05E-09;-2.00E-11;4511308.92;-0.0117829;0.9996386;1.40E-10;-1.40E-10;-2.04E-09;Λαχανάς;40.45;-0.45
188;409569.23;0.9996647;0.0111731;-1.38E-09;1.26E-09;-2.00E-11;4233875.43;-0.0111649;0.9996583;9.00E-11;1.50E-10;-2.75E-09;Λεβάδεια;38.15;-0.45
189;539077.27;0.9996394;-0.0053702;2.10E-10;-7.60E-10;5.70E-10;4566397.91;0.0053610;0.9996014;-6.90E-10;-8.00E-10;9.50E-10;Λεκάνη;41.15;0.45
190;324541.84;0.9996883;0.0224880;-8.30E-10;2.84E-09;7.70E-10;4346299.22;-0.0224932;0.9997851;-3.80E-10;6.80E-10;-4.99E-09;Λεοντάριον;39.15;-1.45
191;763077.78;0.9999598;-0.0313506;2.02E-09;-3.16E-09;-1.09E-09;4126548.48;0.0313309;0.9999892;1.10E-10;-4.00E-10;5.48E-09;Λέρος;37.15;3.15
192;192937.77;0.9999613;0.0386081;-3.19E-09;4.19E-09;1.69E-09;4294783.56;-0.0387542;0.9999581;2.43E-09;1.68E-09;-6.68E-09;Λεύκας;38.45;-3.15
193;154430.02;1.0000479;0.0451055;-4.38E-09;4.15E-09;-5.20E-10;4407601.56;-0.0451088;1.0000568;2.00E-10;-5.00E-11;-8.31E-09;Λευκίμμη;39.45;-3.45
194;408341.79;0.9996533;0.0109229;-1.05E-09;1.61E-09;-5.30E-10;4122933.04;-0.0109270;0.9996643;-1.10E-10;-1.00E-10;-2.33E-09;Λεωνίδιον;37.15;-0.45
195;154430.02;1.0000479;0.0451055;-4.38E-09;4.15E-09;-5.20E-10;4407601.56;-0.0451088;1.0000568;2.00E-10;-5.00E-11;-8.31E-09;Λιαπάδες;39.45;-3.45
196;327063.85;0.9997106;0.0229562;-2.16E-09;2.05E-09;-8.00E-11;4457285.55;-0.0229499;0.9997092;3.40E-10;9.00E-11;-4.22E-09;Λιβαδερόν;40.15;-1.45
197;327063.85;0.9997106;0.0229562;-2.16E-09;2.05E-09;-8.00E-11;4457285.55;-0.0229499;0.9997092;3.40E-10;9.00E-11;-4.22E-09;Λιβάδιον;40.15;-1.45
198;410192.92;0.9996655;0.0112982;-1.47E-09;1.17E-09;-1.00E-11;4289353.75;-0.0113001;0.9996726;2.70E-10;2.90E-10;-2.15E-09;Λιβανάται;38.45;-0.45
199;323299.43;0.9997683;0.0222544;-2.77E-09;2.11E-09;-3.60E-10;4290811.11;-0.0222210;0.9997274;-3.70E-10;-9.80E-10;-4.09E-09;Λιδορίκιον;38.45;-1.45
200;453637.60;0.9996193;0.0058377;-6.50E-10;5.90E-10;-1.00E-11;4288980.93;-0.0058421;0.9996147;2.40E-10;-5.10E-10;-1.53E-09;Λίμνη;38.45;-0.15
201;369585.94;0.9996775;0.0173122;-1.04E-09;1.81E-09;-3.60E-10;4456429.27;-0.0173071;0.9996669;1.00E-10;2.30E-10;-3.03E-09;Λιτόχωρον;40.15;-1.15
202;497168.04;0.9996234;0.0004059;-4.00E-11;-1.10E-10;-3.00E-10;4510794.51;-0.0003987;0.9996108;-2.00E-11;4.20E-10;7.00E-11;Λουτρά-Ελευθερών;40.45;0.15
203;408951.79;0.9996805;0.0110617;-9.20E-10;1.64E-09;1.95E-09;4178401.62;-0.0110704;0.9996886;-6.20E-10;9.30E-10;-3.83E-09;Λυγούριον;37.45;-0.45
204;623785.22;0.9996697;-0.0167072;1.82E-09;-1.19E-09;-9.00E-11;4511826.59;0.0166824;0.9996562;5.00E-11;3.50E-10;3.47E-09;Μαρώνεια;40.45;1.45
205;363106.91;0.9997337;0.0160302;-2.70E-09;1.92E-09;-7.30E-10;4068067.38;-0.0160286;0.9997373;2.30E-10;-3.40E-10;-4.17E-09;Μαυροβούνιον;36.45;-1.15
206;664743.34;0.9996989;-0.0226246;2.20E-09;-2.03E-09;4.00E-11;4568156.21;0.0226223;0.9996950;-2.00E-11;-2.80E-10;4.16E-09;Μέγα-Δέρειον;41.15;2.15
207;319657.50;0.9997985;0.0215042;-2.09E-09;2.26E-09;-4.60E-10;4124371.61;-0.0215025;0.9997914;2.00E-10;-2.40E-10;-4.38E-09;Μεγαλόπολις;37.15;-1.45
208;452996.01;0.9996362;0.0057472;-7.00E-11;-1.10E-10;-2.80E-10;4178032.26;-0.0057297;0.9996069;-5.00E-11;8.00E-10;-8.70E-10;Μέγαρα;37.45;-0.15
209;580964.99;0.9996376;-0.0111061;9.80E-10;-8.10E-10;-6.00E-11;4566742.66;0.0111010;0.9996320;-1.20E-10;-2.00E-11;1.89E-09;Μέδουσα;41.15;1.15
210;452995.99;0.9996179;0.0057364;-6.70E-10;1.05E-09;-5.80E-10;4178032.08;-0.0057042;0.9995993;-1.50E-10;-1.05E-09;-2.60E-10;Μέθανα;37.45;-0.15
211;542419.36;0.9995840;-0.0047089;2.98E-09;-1.85E-09;-1.00E-11;3900716.49;0.0046614;0.9996009;4.10E-10;-4.90E-10;3.06E-09;Μέλαμπες;35.15;0.45
212;319657.26;0.9997963;0.0214661;-1.62E-09;1.08E-09;-1.20E-10;4124371.61;-0.0214859;0.9998000;5.80E-10;5.00E-10;-4.52E-09;Μελιγαλάς;37.15;-1.45
213;581578.39;0.9996460;-0.0109579;9.00E-10;-1.95E-09;-3.30E-10;4511242.60;0.0110169;0.9995749;3.00E-11;1.61E-09;1.26E-09;Μέση;40.45;1.15
214;278319.52;0.9998033;0.0273654;-4.19E-09;4.25E-09;-1.13E-09;4236410.38;-0.0274091;0.9997937;3.50E-10;1.02E-09;-6.26E-09;Μεσολόγγιον;38.15;-2.15
215;243923.60;0.9998098;0.0346103;-3.28E-09;3.13E-09;-4.10E-10;4515225.18;-0.0345871;0.9998054;-3.70E-10;-3.30E-10;-5.93E-09;Μεσοποταμιά;40.45;-2.45
216;539077.21;0.9996137;-0.0053879;-7.60E-10;7.80E-10;-1.93E-09;4566398.03;0.0053818;0.9995963;5.50E-10;-3.90E-10;-8.00E-11;Μεσοχώριον;41.15;0.45
217;672050.45;0.9997406;-0.0212045;1.95E-09;-2.13E-09;-5.00E-11;4235193.86;0.0212056;0.9997419;-5.00E-11;-1.50E-10;4.01E-09;Μεστά;38.15;2.15
218;664743.28;0.9996909;-0.0226144;3.88E-09;-3.80E-09;-4.00E-10;4568156.22;0.0226139;0.9996837;3.00E-10;1.80E-10;7.71E-09;Μεταξάδες;41.15;2.15
219;240119.93;0.9998629;0.0339001;-3.40E-09;3.18E-09;-4.90E-10;4404216.29;-0.0339085;0.9998642;3.50E-10;-2.50E-10;-6.58E-09;Μέτσοβον;39.45;-2.45
220;669670.67;0.9997204;-0.0216595;2.01E-09;-2.39E-09;-2.00E-11;4346168.76;0.0216577;0.9997199;1.00E-10;-1.40E-10;4.30E-09;Μήθυμνα;39.15;2.15
221;541628.29;0.9996078;-0.0048699;6.40E-10;-6.50E-10;2.90E-10;4067075.64;0.0048678;0.9996096;4.00E-11;1.90E-10;1.02E-09;Μήλος;36.45;0.45
222;407739.43;0.9996729;0.0108029;-1.32E-09;1.11E-09;3.00E-11;4067468.46;-0.0107992;0.9996781;-7.00E-11;-8.00E-11;-2.57E-09;Μολάοι;36.45;-0.45
223;625620.17;0.9996578;-0.0162471;1.54E-09;-1.46E-09;-2.80E-10;4400840.28;0.0162772;0.9996612;8.60E-10;-3.20E-10;2.09E-09;Μούδρος;39.45;1.45
224;281396.35;0.9998058;0.0280200;-2.74E-09;2.37E-09;-3.60E-10;4347388.28;-0.0280160;0.9998019;2.10E-10;2.10E-10;-5.49E-09;Μουζάκιον;39.15;-2.15
225;633386.86;0.9997053;-0.0147522;7.50E-10;-1.10E-09;2.17E-09;3901598.13;0.0147539;0.9997007;-1.18E-09;8.40E-10;1.67E-09;Μοχός;35.15;1.45
226;242011.95;0.9998371;0.0342580;-3.26E-09;3.00E-09;-5.30E-10;4459719.05;-0.0342616;0.9998322;1.00E-10;-1.70E-10;-6.13E-09;Μπόροβα;40.15;-2.45
227;630033.81;0.9996885;-0.0154905;1.54E-09;-1.60E-09;-2.10E-10;4123442.34;0.0154898;0.9996921;8.00E-11;-4.00E-11;3.11E-09;Μύκονος;37.15;1.45
228;582787.81;0.9996442;-0.0106181;7.00E-10;-2.08E-09;-1.20E-10;4400264.01;0.0106530;0.9996168;-4.70E-10;-1.00E-11;2.85E-09;Μύρινα(Κάστρον);39.45;1.15
229;281396.35;0.9998058;0.0280200;-2.74E-09;2.37E-09;-3.60E-10;4347388.28;-0.0280160;0.9998019;2.10E-10;2.10E-10;-5.49E-09;Μυρόφυλλον;39.15;-2.15
230;622853.46;0.9996736;-0.0168639;1.77E-09;-1.35E-09;2.90E-10;4567328.83;0.0168717;0.9996625;-1.10E-10;-6.00E-11;3.19E-09;Μύτικας;41.15;1.45
231;712815.51;0.9998356;-0.0271599;3.16E-09;-2.22E-09;1.11E-09;4347222.47;0.0271762;0.9998004;-2.70E-10;3.20E-10;4.67E-09;Μυτιλήνη;39.15;2.45
232;630033.81;0.9996885;-0.0154905;1.54E-09;-1.60E-09;-2.10E-10;4123442.34;0.0154898;0.9996921;8.00E-11;-4.00E-11;3.11E-09;Νάξος;37.15;1.45
233;322072.85;0.9997341;0.0219520;-2.84E-09;2.44E-09;-4.70E-10;4235328.17;-0.0219731;0.9998590;1.15E-09;-2.74E-09;-3.69E-09;Ναύπακτος;38.15;-1.45
234;408951.92;0.9996475;0.0110332;-1.19E-09;4.20E-10;-5.10E-10;4178401.41;-0.0110647;0.9996499;6.10E-10;-6.70E-10;-2.92E-09;Ναύπλιον;37.45;-0.45
235;278319.01;0.9998206;0.0374444;-4.64E-09;3.53E-09;-4.40E-10;4236407.64;-0.0274432;0.9998248;-2.00E-11;-6.00E-10;-6.29E-09;Νέα-Μανολάς;38.15;-2.15
236;497061.26;0.9996595;0.0003688;6.40E-10;-4.00E-11;-3.80E-10;4233369.60;-0.0003775;0.9996308;1.00E-10;-1.20E-10;-2.50E-10;Ερέτρεια;38.15;0.15
237;407739.43;0.9996729;0.0108029;-1.32E-09;1.11E-09;3.00E-11;4067468.46;-0.0107992;0.9996781;-7.00E-11;-8.00E-11;-2.57E-09;Νεάπολις;36.45;-0.45
238;364905.80;0.9997169;0.0163973;-1.53E-09;1.99E-09;-3.70E-10;4179006.59;-0.0164035;0.9997233;2.30E-10;-3.60E-10;-3.35E-09;Νεμέα;37.45;-1.15
239;717273.56;0.9998988;-0.0263498;1.03E-09;-2.12E-09;-9.00E-11;4180756.83;0.0263206;0.9998912;4.00E-10;-8.40E-10;2.39E-09;Νέον-Καρλοβάσιον;37.45;2.45
240;455303.29;0.9996127;0.0061435;-6.90E-10;1.10E-09;5.50E-10;4566431.19;-0.0061520;0.9996201;-1.10E-10;3.40E-10;-1.52E-09;Νέον-Πετρίτσιον;41.15;-0.15
241;242011.95;0.9998371;0.0342580;-3.26E-09;3.00E-09;-5.30E-10;4459719.05;-0.0342616;0.9998322;1.00E-10;-1.70E-10;-6.13E-09;Νεστόριον;40.15;-2.45
242;582791.57;0.9995940;-0.0107606;0.00E+00;-1.34E-09;1.19E-09;4400262.38;0.0107373;0.9995591;-5.60E-10;3.00E-11;1.67E-09;Ν.Αγ.Ευστράτιος;39.45;1.15
243;676654.24;0.9996060;-0.0204187;-8.40E-09;-5.59E-09;-1.24E-08;4013311.01;0.0202849;0.9997452;-2.23E-09;-1.95E-09;-1.28E-09;Ν.Ανάφη;36.15;2.15
244;234562.88;0.9999311;0.0328613;-2.95E-09;3.04E-09;-1.37E-09;4237728.47;-0.0328570;0.9999141;3.70E-10;1.60E-10;-5.81E-09;Ν.Άτοκος;38.15;-2.45
245;496938.36;0.9996032;0.0003666;1.30E-10;2.40E-10;-8.50E-10;3900618.84;-0.0003713;0.9995887;5.90E-10;-9.00E-11;9.00E-11;Ν.Γαύδος;35.15;0.15
246;678873.31;0.9997753;-0.0197930;2.40E-09;-2.18E-09;2.10E-10;3902383.78;0.0197793;0.9997773;1.60E-10;2.70E-10;4.62E-09;Ν.Διονυσάδες;35.15;2.15
247;539373.17;0.9996180;-0.0052977;3.90E-10;-4.40E-10;2.90E-10;4510897.89;0.0052888;0.9996134;2.20E-10;4.60E-10;1.39E-09;Ν.Θάσος;40.45;0.45
248;631732.68;0.9996712;-0.0151342;9.90E-10;-1.59E-09;4.00E-10;4012515.44;0.0151400;0.9996667;-4.60E-10;5.40E-10;2.62E-09;Ν.Θήρα;36.15;1.45
249;769868.68;1.0000390;-0.0298253;2.94E-09;-3.17E-09;-1.43E-09;3904640.55;0.0297959;1.0000742;-4.60E-10;-1.60E-09;7.12E-09;Ν.Κάσος;35.15;3.15
250;541083.17;0.9997222;-0.0049310;2.11E-09;-2.70E-10;3.06E-09;4178003.78;0.0049671;0.9997197;-7.90E-10;2.55E-09;1.67E-09;Ν.Κέα;37.45;0.45
251;541356.72;0.9996124;-0.0049226;1.30E-10;-5.70E-10;-6.00E-11;4122536.94;0.0049278;0.9996081;-3.80E-10;1.60E-10;1.05E-09;Ν.Κύθνος;37.15;0.45
252;720162.69;0.9998441;-0.0257307;3.09E-09;-2.18E-09;-1.51E-09;4069798.96;0.0257285;0.9998960;1.50E-10;8.10E-10;4.67E-09;Ν.Λέβιθα;36.45;2.45
253;764806.23;1.0000216;-0.0309756;2.80E-09;-3.12E-09;-1.40E-10;4071065.87;0.0309675;1.0000044;6.00E-11;-2.80E-10;6.84E-09;Ν.Νίσυρος;36.45;3.15
254;151940.06;0.9999385;0.0444926;2.38E-09;1.00E-08;1.22E-08;4352090.45;-0.0445052;1.0001732;-4.79E-09;-3.61E-09;-1.49E-08;Ν.Παξοί;39.15;-3.45
255;718726.76;0.9998246;-0.0260248;4.69E-09;-4.17E-09;-1.00E-11;4125276.27;0.0260362;0.9998728;2.60E-10;-1.31E-09;6.93E-09;Ν.Πάτμος;37.15;2.45
256;630033.81;0.9996885;-0.0154905;1.54E-09;-1.60E-09;-2.10E-10;4123442.34;0.0154898;0.9996921;8.00E-11;-4.00E-11;3.11E-09;Ν.Ρήνεια;37.15;1.45
257;624707.65;0.9996652;-0.0165408;1.42E-09;-1.30E-09;-5.10E-10;4456328.48;0.0165431;0.9996716;-1.10E-10;-3.50E-10;2.82E-09;Ν.Σαμοθράκη;40.15;1.45
258;541356.72;0.9996124;-0.0049226;1.30E-10;-5.70E-10;-6.00E-11;4122536.94;0.0049278;0.9996081;-3.80E-10;1.60E-10;1.05E-09;Ν.Σέριφος;37.15;0.45
259;541628.29;0.9996078;-0.0048699;6.40E-10;-6.50E-10;2.90E-10;4067075.64;0.0048678;0.9996096;4.00E-11;1.90E-10;1.02E-09;Ν.Σίφνος;36.45;0.45
260;497101.84;0.9995705;0.0003652;-8.80E-10;-7.70E-10;-2.39E-09;4344325.14;-0.0004004;0.9995557;-2.20E-10;-1.73E-09;-1.42E-09;Ν.Σκάντζουρα;39.15;0.15
261;721586.09;0.9998918;-0.0255135;2.12E-09;-2.50E-10;4.00E-11;4014333.79;0.0254566;0.9999215;7.90E-10;-1.72E-09;4.02E-09;Ν.Σοφράνα;36.15;2.45
262;854110.76;1.0003031;-0.0414640;4.14E-09;-4.64E-09;5.10E-10;4074299.80;0.0414490;1.0002927;-6.00E-11;-1.00E-11;8.25E-09;Ν.Σύμη;36.45;4.15
263;721586.09;0.9998918;-0.0255135;2.12E-09;-2.50E-10;4.00E-11;4014333.79;0.0254566;0.9999215;7.90E-10;-1.72E-09;4.02E-09;Ν.Σύρνα;36.15;2.45
264;318470.97;0.9998217;0.0212606;-1.66E-09;2.22E-09;-4.50E-10;4068899.93;-0.0212553;0.9998139;3.00E-10;-4.30E-10;-4.31E-09;Ν.Σχίζας;36.45;-1.45
265;811452.54;1.0001991;-0.0357896;3.60E-09;-3.65E-09;-9.00E-10;4017078.70;0.0357825;1.0001830;6.30E-10;1.00E-10;8.30E-09;Ν.Τήλος;36.15;3.45
266;497168.04;0.9996234;0.0004059;-4.00E-11;-1.10E-10;-3.00E-10;4510794.51;-0.0003987;0.9996108;-2.00E-11;4.20E-10;7.00E-11;Νικήσιανη;40.45;0.15
267;454626.92;0.9996202;0.0060327;-2.50E-10;4.40E-10;-3.00E-11;4455436.50;-0.0060317;0.9996166;6.00E-11;1.00E-10;-8.90E-10;Νικήτας;40.15;-0.15
268;539078.18;0.9995727;-0.0054024;-2.43E-09;1.50E-10;-6.00E-10;4566397.68;0.0055339;0.9996222;1.47E-09;-1.02E-09;-6.34E-09;Ντεβίν;41.15;0.45
269;497190.17;0.9996089;0.0004000;2.00E-11;1.10E-10;-8.00E-11;4566293.81;-0.0004027;0.9996091;1.50E-10;1.60E-10;-1.80E-10;Ντοσπάτ;41.15;0.15
270;154430.02;1.0000479;0.0451055;-4.38E-09;4.15E-09;-5.20E-10;4407601.56;-0.0451088;1.0000568;2.00E-10;-5.00E-11;-8.31E-09;Νύμφαι;39.45;-3.45
271;580964.99;0.9996376;-0.0111061;9.80E-10;-8.10E-10;-6.00E-11;4566742.66;0.0111010;0.9996320;-1.20E-10;-2.00E-11;1.89E-09;Ξάνθη;41.15;1.15
272;363106.91;0.9997337;0.0160302;-2.70E-09;1.92E-09;-7.30E-10;4068067.38;-0.0160286;0.9997373;2.30E-10;-3.40E-10;-4.17E-09;Ξηροκάμπιον;36.45;-1.15
273;623785.22;0.9996697;-0.0167072;1.82E-09;-1.19E-09;-9.00E-11;4511826.59;0.0166824;0.9996562;5.00E-11;3.50E-10;3.47E-09;Ξυλαγανή;40.45;1.45
274;365821.54;0.9997155;0.0165960;-2.33E-09;1.38E-09;-6.40E-10;4234482.93;-0.0165938;0.9997120;-6.30E-10;-5.00E-11;-4.01E-09;Ξυλόκαστρον;38.15;-1.15
275;276805.78;0.9998655;0.0271118;-2.85E-09;2.73E-09;-4.80E-10;4180923.70;-0.0271094;0.9998676;2.30E-10;-1.80E-10;-5.62E-09;Ολύμπια;37.45;-2.15
276;768203.68;0.9999828;-0.0302224;5.11E-09;-3.53E-09;-1.21E-09;3960111.66;0.0302334;1.0000149;7.00E-11;-7.90E-10;7.81E-09;Όλυμπος(Καρπάθου);35.45;3.15
277;705050.85;0.9997221;-0.0286626;2.45E-09;-2.26E-09;-3.80E-10;4624736.04;0.0286683;0.9997294;1.60E-10;7.00E-11;4.86E-09;Ορεστιάς;41.45;2.45
278;663480.66;0.9997153;-0.0228504;1.42E-09;-2.28E-09;-2.50E-10;4623665.01;0.0228504;0.9997006;-1.40E-10;1.20E-10;3.87E-09;Ορμένιον;41.45;2.15
279;678873.31;0.9997753;-0.0197930;2.40E-09;-2.18E-09;2.10E-10;3902383.78;0.0197793;0.9997773;1.60E-10;2.70E-10;4.62E-09;Παλαιόκαστρον;35.15;2.15
280;451456.89;0.9996228;0.0054260;-9.40E-10;7.00E-10;4.00E-11;3900750.66;-0.0054257;0.9996142;-7.00E-11;5.00E-11;-1.39E-09;Παλαιοχώρα;35.15;-0.15
281;454626.92;0.9996202;0.0060327;-2.50E-10;4.40E-10;-3.00E-11;4455436.50;-0.0060317;0.9996166;6.00E-11;1.00E-10;-8.90E-10;Παλιούριον;40.15;-0.15
282;411462.95;0.9996459;0.0115743;-8.80E-10;1.18E-09;5.00E-10;4400321.30;-0.0115678;0.9996399;2.70E-10;9.80E-10;-3.23E-09;Παναγία-Αγιάς;39.45;-0.45
283;282959.49;0.9997940;0.0283062;-3.10E-09;2.77E-09;-4.50E-10;4402883.53;-0.0283143;0.9997862;5.00E-11;-2.80E-10;-5.52E-09;Παναγία;39.45;-2.15
284;238247.86;0.9998835;0.0335501;-3.31E-09;3.19E-09;-4.00E-10;4348716.91;-0.0335556;0.9998845;0.00E+00;-2.40E-10;-6.24E-09;Παππαδάται;39.15;-2.45
285;407739.43;0.9996729;0.0108029;-1.32E-09;1.11E-09;3.00E-11;4067468.46;-0.0107992;0.9996781;-7.00E-11;-8.00E-11;-2.57E-09;Παππαδιάνικα;36.45;-0.45
286;408341.96;0.9996365;0.0109374;-1.45E-09;7.80E-10;8.30E-10;4122933.08;-0.0109287;0.9996879;4.40E-10;-1.51E-09;-1.33E-09;Παράλιον-Άστρος;37.15;-0.45
287;539077.50;0.9996118;-0.0053862;1.06E-09;-5.20E-10;8.30E-10;4566397.69;0.0053607;0.9996295;-3.00E-10;-1.62E-09;2.00E-09;Παρανέστιον;41.15;0.45
288;195095.61;0.9999789;0.0390932;-3.67E-09;3.61E-09;-6.00E-10;4350284.35;-0.0390904;0.9999804;2.10E-10;-4.80E-10;-7.37E-09;Παραμυθιά;39.15;-3.15
289;585694.53;0.9996293;-0.0102099;1.24E-09;-1.23E-09;-1.00E-10;4122872.55;0.0101990;0.9996365;-2.20E-10;0.00E+00;2.05E-09;Πάρος;37.15;1.15
290;195095.61;0.9999789;0.0390932;-3.67E-09;3.61E-09;-6.00E-10;4350284.35;-0.0390904;0.9999804;2.10E-10;-4.80E-10;-7.37E-09;Πάργα;39.15;-3.15
291;278318.47;0.9998303;0.0274037;-1.81E-09;2.56E-09;1.10E-10;4236408.18;-0.0274162;0.9998543;6.00E-10;1.00E-11;-5.03E-09;Πάτραι;38.15;-2.15
292;410192.92;0.9996655;0.0112982;-1.47E-09;1.17E-09;-1.00E-11;4289353.75;-0.0113001;0.9996726;2.70E-10;2.90E-10;-2.15E-09;Πελασγία;38.45;-0.45
293;242011.95;0.9998371;0.0342580;-3.26E-09;3.00E-09;-5.30E-10;4459719.05;-0.0342616;0.9998322;1.00E-10;-1.70E-10;-6.13E-09;Πεντάλοφος;40.15;-2.45
294;665993.22;0.9997130;-0.0224023;1.92E-09;-1.91E-09;-4.80E-10;4512651.80;0.0223990;0.9997040;2.70E-10;-4.00E-11;3.96E-09;Πέπλος;40.45;2.15
295;542419.45;0.9995716;-0.0046488;3.79E-09;-6.90E-10;-9.90E-10;3900716.50;0.0046776;0.9995715;-1.22E-09;1.39E-09;3.18E-09;Πέραμα;35.15;0.45
296;409569.96;0.9995751;0.0111697;-7.00E-11;-6.70E-10;-2.35E-09;4233874.96;-0.0111594;0.9995520;6.20E-10;-1.50E-09;2.21E-09;Περαχώρα;38.15;-0.45
297;496938.36;0.9996032;0.0003666;1.30E-10;2.40E-10;-8.50E-10;3900618.84;-0.0003713;0.9995887;5.90E-10;-9.00E-11;9.00E-11;Περιβόλια(Γαλατάς);35.15;0.15
298;238247.86;0.9998835;0.0335501;-3.31E-09;3.19E-09;-4.00E-10;4348716.91;-0.0335556;0.9998845;0.00E+00;-2.40E-10;-6.24E-09;Πέτας;39.15;-2.45
299;453637.60;0.9996193;0.0058377;-6.50E-10;5.90E-10;-1.00E-11;4288980.93;-0.0058421;0.9996147;2.40E-10;-5.10E-10;-1.53E-09;Πήλιον;38.45;-0.15
300;585124.89;0.9996411;-0.0103188;1.16E-09;-9.60E-10;9.00E-11;4178339.97;0.0103221;0.9996385;7.00E-11;4.00E-11;2.11E-09;Πίσω-Μεριά;37.45;1.15
301;497040.38;0.9996289;0.0003712;-2.60E-10;3.40E-10;1.11E-09;4177897.35;-0.0003763;0.9996216;-1.50E-10;5.20E-10;-2.20E-10;Πλάκα;37.45;0.15
302;540805.90;0.9996381;-0.0050086;5.30E-10;7.00E-11;7.00E-11;4233471.85;0.0050258;0.9996628;-7.00E-11;6.70E-10;8.90E-10;Πλατανιστός;38.15;0.45
303;370551.91;0.9996595;0.0175033;-1.02E-09;2.12E-09;1.70E-10;4511926.57;-0.0174476;0.9996540;-8.10E-10;-6.80E-10;-3.76E-09;Πλατύ;40.45;-1.15
304;368630.23;0.9996727;0.0171317;-1.43E-09;1.32E-09;-1.00E-11;4400936.37;-0.0171354;0.9996806;2.30E-10;-3.20E-10;-3.10E-09;Πλατύκαμπος;39.45;-1.15
305;712815.51;0.9998356;-0.0271599;3.16E-09;-2.22E-09;1.11E-09;4347222.47;0.0271762;0.9998004;-2.70E-10;3.20E-10;4.67E-09;Πλωμάριον;39.15;2.45
306;669670.67;0.9997204;-0.0216595;2.01E-09;-2.39E-09;-2.00E-11;4346168.76;0.0216577;0.9997199;1.00E-10;-1.40E-10;4.30E-09;Πολιχνίτος;39.15;2.15
307;454626.92;0.9996202;0.0060327;-2.50E-10;4.40E-10;-3.00E-11;4455436.50;-0.0060317;0.9996166;6.00E-11;1.00E-10;-8.90E-10;Πολύγυρος;40.15;-0.15
308;243923.60;0.9998098;0.0346103;-3.28E-09;3.13E-09;-4.10E-10;4515225.18;-0.0345871;0.9998054;-3.70E-10;-3.30E-10;-5.93E-09;Ποντγκόρι;40.45;-2.45
309;413415.77;0.9996366;0.0119018;-1.45E-09;8.50E-10;2.30E-10;4566809.57;-0.0119003;0.9996310;-1.80E-10;-4.20E-10;-1.93E-09;Πορόια;41.15;-0.45
310;497190.17;0.9996089;0.0004000;2.00E-11;1.10E-10;-8.00E-11;4566293.81;-0.0004027;0.9996091;1.50E-10;1.60E-10;-1.80E-10;Ποταμοί;41.15;0.15
311;407143.51;0.9997341;0.0106820;-9.90E-10;1.13E-09;-1.36E-09;4012007.25;-0.0106792;0.9997308;-1.40E-10;-1.24E-09;-2.74E-09;Ποταμός-Νότιο;36.15;-0.45
311;407739.43;0.9996729;0.0108029;-1.32E-09;1.11E-09;3.00E-11;4067468.46;-0.0107992;0.9996781;-7.00E-11;-8.00E-11;-2.57E-09;Ποταμός-Βόρ.;36.45;-0.45
312;240119.93;0.9998629;0.0339001;-3.40E-09;3.18E-09;-4.90E-10;4404216.29;-0.0339085;0.9998642;3.50E-10;-2.50E-10;-6.58E-09;Πράμαντα;39.45;-2.45
313;329638.18;0.9996651;0.0234008;-1.46E-09;1.48E-09;-6.30E-10;4568288.43;-0.0234243;0.9996350;9.50E-10;-1.37E-09;-4.12E-09;Πρόμαχοι;41.15;-1.45
314;497190.17;0.9996089;0.0004000;2.00E-11;1.10E-10;-8.00E-11;4566293.81;-0.0004027;0.9996091;1.50E-10;1.60E-10;-1.80E-10;Προσοτσάνη;41.15;0.15
315;286135.29;0.9997525;0.0288945;-2.58E-09;2.63E-09;-5.00E-11;4513884.80;-0.0288922;0.9997499;2.70E-10;-2.00E-10;-5.14E-09;Πτολεμαίς;40.45;-2.15
316;706634.88;0.9997463;-0.0283854;2.35E-09;-2.48E-09;-2.60E-10;4569224.89;0.0283881;0.9997460;1.60E-10;2.00E-11;5.02E-09;Πύθιον;41.15;2.45
317;318470.97;0.9998217;0.0212606;-1.66E-09;2.22E-09;-4.50E-10;4068899.93;-0.0212553;0.9998139;3.00E-10;-4.30E-10;-4.31E-09;Πύλος;36.45;-1.45
318;328344.58;0.9996969;0.0231864;-2.00E-09;2.00E-09;-3.50E-10;4512785.39;-0.0231862;0.9996920;1.20E-10;-2.40E-10;-4.20E-09;Πύργοι;40.45;-1.45
319;276805.78;0.9998655;0.0271118;-2.85E-09;2.73E-09;-4.80E-10;4180923.70;-0.0271094;0.9998676;2.30E-10;-1.80E-10;-5.62E-09;Πύργος;37.45;-2.15
320;199481.22;0.9999334;0.0399113;-3.51E-09;3.47E-09;-1.10E-10;4461296.81;-0.0399157;0.9999094;1.20E-10;-6.80E-10;-7.28E-09;Πωγωνιανή;40.15;-3.15
321;281396.13;0.9997828;0.0280304;-2.72E-09;2.71E-09;5.00E-11;4347388.14;-0.0280404;0.9998105;-4.20E-10;-2.50E-10;-4.76E-09;Ραπτόπουλον;39.15;-2.15
322;497060.64;0.9996129;0.0003098;1.19E-09;-9.70E-10;-2.44E-09;4233371.01;-0.0002950;0.9996194;6.10E-10;-1.57E-09;2.48E-09;Ραφήνα;38.15;0.15
323;368630.23;0.9996727;0.0171317;-1.43E-09;1.32E-09;-1.00E-11;4400936.37;-0.0171354;0.9996806;2.30E-10;-3.20E-10;-3.10E-09;Ραψάνη;39.45;-1.15
324;542419.81;0.9995627;-0.0046795;8.20E-10;-1.33E-09;2.89E-09;3900716.56;0.0046816;0.9995644;-1.37E-09;1.17E-09;2.28E-09;Ρέθυμνον;35.15;0.45
325;407739.43;0.9996729;0.0108029;-1.32E-09;1.11E-09;3.00E-11;4067468.46;-0.0107992;0.9996781;-7.00E-11;-8.00E-11;-2.57E-09;Ρειχέα;36.45;-0.45
326;705050.85;0.9997221;-0.0286626;2.45E-09;-2.26E-09;-3.80E-10;4624736.04;0.0286683;0.9997294;1.60E-10;7.00E-11;4.86E-09;Ρίζια;41.45;2.45
327;497168.04;0.9996234;0.0004059;-4.00E-11;-1.10E-10;-3.00E-10;4510794.51;-0.0003987;0.9996108;-2.00E-11;4.20E-10;7.00E-11;Ροδολίβος;40.45;0.15
328;856398.54;1.0003470;-0.0409876;4.45E-09;-4.28E-09;-1.43E-09;4018803.45;0.0409873;1.0003529;5.10E-10;-3.70E-10;8.70E-09;Ρόδος;36.15;4.15
329;197276.84;0.9999511;0.0395039;-3.63E-09;3.73E-09;-3.10E-10;4405788.91;-0.0395010;0.9999532;2.00E-10;-2.20E-10;-7.24E-09;Σαγιάδα;39.45;-3.15
330;761328.59;0.9999423;-0.0316907;3.29E-09;-4.15E-09;7.00E-10;4182035.05;0.0316890;0.9999413;-2.70E-10;-4.50E-10;7.01E-09;Σάμος;37.45;3.15
331;622853.46;0.9996736;-0.0168639;1.77E-09;-1.35E-09;2.90E-10;4567328.83;0.0168717;0.9996625;-1.10E-10;-6.00E-11;3.19E-09;Σάπαι;41.15;1.45
332;542419.80;0.9995682;-0.0046683;1.26E-09;-8.70E-10;2.97E-09;3900716.60;0.0046848;0.9995708;-1.37E-09;1.84E-09;3.16E-09;Σελλία;35.15;0.45
333;455303.29;0.9996127;0.0061435;-6.90E-10;1.10E-09;5.50E-10;4566431.19;-0.0061520;0.9996201;-1.10E-10;3.40E-10;-1.52E-09;Σέρραι;41.15;-0.15
334;678873.31;0.9997753;-0.0197930;2.40E-09;-2.18E-09;2.10E-10;3902383.78;0.0197793;0.9997773;1.60E-10;2.70E-10;4.62E-09;Σητεία;35.15;2.15
335;284539.37;0.9997625;0.0285910;-2.50E-09;2.71E-09;-2.50E-10;4458382.02;-0.0286009;0.9997829;4.70E-10;-2.80E-10;-5.43E-09;Σιάτιστα;40.15;-2.15
336;455302.66;0.9995864;0.0060909;-2.70E-10;-2.00E-11;-3.03E-09;4566431.42;-0.0061233;0.9996205;1.11E-09;-1.70E-10;-1.40E-09;Σιδηρόκαστρον;41.15;-0.15
337;586257.34;0.9996395;-0.0100876;9.50E-10;-7.30E-10;-4.70E-10;4067409.60;0.0100913;0.9996493;-5.90E-10;-1.40E-10;2.29E-09;Σίκινος;36.45;1.15
338;454963.32;0.9996189;0.0060644;-1.60E-10;1.75E-09;-2.50E-10;4510931.51;-0.0060952;0.9995924;4.10E-10;1.48E-09;-1.16E-09;Σιτοχώριον;40.45;-0.15
339;453963.60;0.9996167;0.0058984;-5.00E-10;4.50E-10;-3.30E-10;4344461.14;-0.0059025;0.9996166;2.80E-10;-2.20E-10;-7.70E-10;Σκιάθος;39.15;-0.15
340;453963.60;0.9996167;0.0058984;-5.00E-10;4.50E-10;-3.30E-10;4344461.14;-0.0059025;0.9996166;2.80E-10;-2.20E-10;-7.70E-10;Σκόπελος;39.15;-0.15
341;371527.43;0.9996506;0.0176662;-9.90E-10;1.76E-09;-3.00E-11;4567428.49;-0.0176464;0.9996384;0.00E+00;-4.70E-10;-2.79E-09;Σκρά;41.15;-1.15
342;540521.72;0.9996333;-0.0050726;5.70E-10;-4.80E-10;-6.00E-10;4288947.84;0.0050778;0.9996331;1.00E-10;-2.00E-10;6.40E-10;Σκύρος;38.45;0.45
343;539078.18;0.9995727;-0.0054024;-2.43E-09;1.50E-10;-6.00E-10;4566397.68;0.0055339;0.9996222;1.47E-09;-1.02E-09;-6.34E-09;Σμόλγιαν;41.15;0.45
344;706634.88;0.9997463;-0.0283854;2.35E-09;-2.48E-09;-2.60E-10;4569224.89;0.0283881;0.9997460;1.60E-10;2.00E-11;5.02E-09;Σουφλίον;41.15;2.45
345;324541.84;0.9997244;0.0224688;-2.61E-09;2.05E-09;4.80E-10;4346298.77;-0.0224808;0.9997293;-2.60E-10;7.70E-10;-5.19E-09;Σοφάδες;39.15;-1.45
346;408951.81;0.9997035;0.0110568;-2.15E-09;7.20E-10;9.70E-10;4178401.36;-0.0110595;0.9996897;4.70E-10;1.50E-10;-2.85E-09;Σοφικόν;37.45;-0.45
347;454963.16;0.9995952;0.0060915;-1.09E-09;9.00E-10;-6.30E-10;4510931.52;-0.0060980;0.9996184;1.90E-10;-3.30E-10;-1.53E-09;Σοχός;40.45;-0.15
348;364001.39;0.9997239;0.0162086;-1.95E-09;1.72E-09;-1.20E-10;4123535.02;-0.0162181;0.9997184;6.00E-11;-1.90E-10;-3.50E-09;Σπάρτη;37.15;-1.15
349;323299.20;0.9997802;0.0222175;-2.77E-09;2.33E-09;-1.18E-09;4290811.13;-0.0222002;0.9998226;-1.10E-10;-1.51E-09;-5.05E-09;Σπερχειάς;38.45;-1.45
350;408341.79;0.9996533;0.0109229;-1.05E-09;1.61E-09;-5.30E-10;4122933.04;-0.0109270;0.9996643;-1.10E-10;-1.00E-10;-2.33E-09;Σπέτσαι;37.15;-0.45
351;408341.96;0.9996365;0.0109374;-1.45E-09;7.80E-10;8.30E-10;4122933.08;-0.0109287;0.9996879;4.40E-10;-1.51E-09;-1.33E-09;Σπετσοπούλα;37.15;-0.45
352;454963.11;0.9996388;0.0060769;-9.00E-11;3.30E-10;1.32E-09;4510931.88;-0.0061165;0.9996694;5.90E-10;1.02E-09;-2.03E-09;Σταύρος;40.45;-0.15
353;497082.12;0.9996506;0.0003829;-1.40E-10;-5.00E-11;3.00E-10;4288846.54;-0.0003812;0.9996581;1.00E-11;3.10E-10;9.00E-11;Στενή-Δίρφυος;38.45;0.15
354;497166.82;0.9995092;0.0004031;-3.11E-09;3.01E-09;1.39E-09;4510795.02;-0.0003139;0.9994642;3.20E-10;-1.29E-09;-2.76E-09;Στρατονίκη;40.45;0.15
355;366746.94;0.9996706;0.0167449;-8.90E-10;1.73E-09;1.08E-09;4289963.36;-0.0167310;0.9996969;-6.30E-10;4.10E-10;-2.89E-09;Στυλίς;38.45;-1.15
356;497146.35;0.9996218;0.0004028;-1.70E-10;2.60E-10;2.70E-10;4455299.91;-0.0003894;0.9996100;1.60E-10;1.30E-10;-2.70E-10;Συκέα;40.15;0.15
357;453963.60;0.9996167;0.0058984;-5.00E-10;4.50E-10;-3.30E-10;4344461.14;-0.0059025;0.9996166;2.80E-10;-2.20E-10;-7.70E-10;Συκή;39.15;-0.15
358;630888.28;0.9996968;-0.0153116;1.63E-09;-1.56E-09;-3.00E-11;4067976.46;0.0153141;0.9996877;6.00E-11;2.50E-10;3.13E-09;Σχοινούσα;36.45;1.45
359;585124.89;0.9996411;-0.0103188;1.16E-09;-9.60E-10;9.00E-11;4178339.97;0.0103221;0.9996385;7.00E-11;4.00E-11;2.11E-09;Τήνος;37.45;1.15
360;325796.11;0.9997348;0.0227072;-1.33E-09;1.64E-09;-5.50E-10;4401790.37;-0.0227092;0.9997461;1.30E-10;-8.80E-10;-1.77E-09;Τρίκαλα;39.45;-1.45
361;364905.84;0.9997185;0.0164218;-1.32E-09;2.71E-09;3.60E-10;4179006.52;-0.0164152;0.9996990;4.90E-10;-1.40E-10;-4.69E-09;Τρίπολις;37.45;-1.15
362;320857.52;0.9997806;0.0217461;-2.19E-09;2.32E-09;-4.60E-10;4179847.36;-0.0217525;0.9997788;6.00E-11;-4.10E-10;-4.54E-09;Τρόπαια;37.45;-1.45
363;240119.93;0.9998629;0.0339001;-3.40E-09;3.18E-09;-4.90E-10;4404216.29;-0.0339085;0.9998642;3.50E-10;-2.50E-10;-6.58E-09;Τσεπέλοβον;39.45;-2.45
364;587903.12;0.9996239;-0.0096907;9.20E-10;-1.12E-09;1.60E-10;3901042.10;0.0096897;0.9996203;0.00E+00;-1.50E-10;1.95E-09;Τυμπάκιον;35.15;1.15
365;452679.92;0.9996280;0.0056605;7.00E-11;8.50E-10;4.50E-10;4122565.15;-0.0056570;0.9996206;-1.00E-11;1.60E-10;-1.55E-09;Ύδρα;37.15;-0.15
366;325796.29;0.9997039;0.0227110;-1.50E-09;1.96E-09;2.60E-10;4401790.36;-0.0227135;0.9997116;-7.40E-10;-2.00E-10;-3.14E-09;Φαρκαδών;39.45;-1.45
367;367684.08;0.9996790;0.0169527;-1.71E-09;1.69E-09;-1.70E-10;4345447.64;-0.0169511;0.9996848;3.40E-10;-2.80E-10;-3.35E-09;Φάρσαλα;39.15;-1.15
368;665993.22;0.9997130;-0.0224023;1.92E-09;-1.91E-09;-4.80E-10;4512651.80;0.0223990;0.9997040;2.70E-10;-4.00E-11;3.96E-09;Φέραι;40.45;2.15
369;197276.84;0.9999511;0.0395039;-3.63E-09;3.73E-09;-3.10E-10;4405788.91;-0.0395010;0.9999532;2.00E-10;-2.20E-10;-7.24E-09;Φιλιάται;39.45;-3.15
370;275310.52;0.9998582;0.0268044;-1.92E-09;2.85E-09;-3.80E-10;4125442.66;-0.0268048;0.9998843;5.00E-10;-1.00E-11;-5.34E-09;Φιλιατρά;37.15;-2.15
371;630033.81;0.9996885;-0.0154905;1.54E-09;-1.60E-09;-2.10E-10;4123442.34;0.0154898;0.9996921;8.00E-11;-4.00E-11;3.11E-09;Φιλότιον;37.15;1.45
372;286135.29;0.9997525;0.0288945;-2.58E-09;2.63E-09;-5.00E-11;4513884.80;-0.0288922;0.9997499;2.70E-10;-2.00E-10;-5.14E-09;Φλώρινα;40.45;-2.15
373;586257.34;0.9996395;-0.0100876;9.50E-10;-7.30E-10;-4.70E-10;4067409.60;0.0100913;0.9996493;-5.90E-10;-1.40E-10;2.29E-09;Φολέγανδρος;36.45;1.15
374;324541.21;0.9996878;0.0224666;-4.36E-09;1.92E-09;-6.40E-10;4346298.66;-0.0225211;0.9997246;4.30E-10;-6.60E-10;-6.26E-09;Φουρνά;39.15;-1.45
375;717273.56;0.9998988;-0.0263498;1.03E-09;-2.12E-09;-9.00E-11;4180756.83;0.0263206;0.9998912;4.00E-10;-8.40E-10;2.39E-09;Φούρνοι;37.45;2.45
376;279850.17;0.9998360;0.0276480;-3.00E-09;4.31E-09;-6.10E-10;4291896.17;-0.0277098;0.9998613;5.20E-10;-6.30E-10;-5.94E-09;Φραγκίστα;38.45;-2.15
377;322071.49;0.9997509;0.0219907;-1.97E-09;1.74E-09;-9.40E-10;4235326.43;-0.0220079;0.9997428;7.10E-10;-5.50E-10;-4.46E-09;Χαλανδρίτσα;38.15;-1.45
378;811452.54;1.0001991;-0.0357896;3.60E-09;-3.65E-09;-9.00E-10;4017078.70;0.0357825;1.0001830;6.30E-10;1.00E-10;8.30E-09;Χάλκη;36.15;3.45
379;453315.10;0.9996398;0.0057801;1.00E-10;4.40E-10;-2.30E-10;4233504.44;-0.0057867;0.9996432;1.50E-10;-3.00E-10;-7.60E-10;Χαλκίς;38.15;-0.15
380;496938.36;0.9996032;0.0003666;1.30E-10;2.40E-10;-8.50E-10;3900618.84;-0.0003713;0.9995887;5.90E-10;-9.00E-11;9.00E-11;Χανιά;35.15;0.15
381;413415.77;0.9996366;0.0119018;-1.45E-09;8.50E-10;2.30E-10;4566809.57;-0.0119003;0.9996310;-1.80E-10;-4.20E-10;-1.93E-09;Χέρσον;41.15;-0.45
382;670867.36;0.9997462;-0.0214286;1.91E-09;-1.94E-09;3.40E-10;4290676.65;0.0214176;0.9997583;-5.00E-11;3.80E-10;3.68E-09;Χίος-Βροντάδος;38.45;2.15
383;672050.45;0.9997406;-0.0212045;1.95E-09;-2.13E-09;-5.00E-11;4235193.86;0.0212056;0.9997419;-5.00E-11;-1.50E-10;4.01E-09;Χίος-Θυμιανά;38.15;2.15
384;539373.17;0.9996180;-0.0052977;3.90E-10;-4.40E-10;2.90E-10;4510897.89;0.0052888;0.9996134;2.20E-10;4.60E-10;1.39E-09;Χρυσούπολις;40.45;0.45
385;670868.83;0.9998409;-0.0212671;1.58E-09;-5.44E-09;7.24E-09;4290676.21;0.0213037;0.9997805;-7.70E-10;2.36E-09;3.41E-09;Ψαρά;38.45;2.15
386;453637.60;0.9996193;0.0058377;-6.50E-10;5.90E-10;-1.00E-11;4288980.93;-0.0058421;0.9996147;2.40E-10;-5.10E-10;-1.53E-09;Ψαχνά;38.45;-0.15